run_id,ts,image_tag,vllm_commit,mode,S,w,cuts,cuts_src,batch,ctx,kv_block,variant,repeat,rank,op,n,median_ms,p10_ms,p90_ms,mean_ms,bytes_pred,ms_pred,comm_tp,comm_pair,sm_clock_mhz,temp_c,power_w,util_pct,tag
e2b68a2d,2026-10-02T00:50:50,mmp:stage1,0.30.0,tp4,0.0,0,,,16,512,16,graph,0,0,step,100,0.3553279936313629,0.3543039858341217,0.3553279936313629,0.35489791065454485,,0.38101293651869855,"{""ranks"": [0, 1], ""world_size"": 2, ""custom_allreduce"": true, ""custom_allreduce_max_size"": 8388608, ""pynccl"": true, ""nccl_version"": 23007}","{""ranks"": null}",1800,54,84.45,2,tp2_3b
e2b68a2d,2026-10-02T00:50:50,mmp:stage1,0.30.0,tp4,0.0,0,,,16,512,16,graph,0,0,step_wall,100,0.3567542100790888,0.3567542100790888,0.3567542100790888,0.3567542100790888,,,"{""ranks"": [0, 1], ""world_size"": 2, ""custom_allreduce"": true, ""custom_allreduce_max_size"": 8388608, ""pynccl"": true, ""nccl_version"": 23007}","{""ranks"": null}",1800,54,84.45,2,tp2_3b
e2b68a2d,2026-10-02T00:50:50,mmp:stage1,0.30.0,tp4,0.0,0,,,16,512,16,graph,1,0,step,100,0.3543039858341217,0.3543039858341217,0.3553279936313629,0.35490815043449403,,0.38101293651869855,"{""ranks"": [0, 1], ""world_size"": 2, ""custom_allreduce"": true, ""custom_allreduce_max_size"": 8388608, ""pynccl"": true, ""nccl_version"": 23007}","{""ranks"": null}",1800,55,86.78,0,tp2_3b
e2b68a2d,2026-10-02T00:50:50,mmp:stage1,0.30.0,tp4,0.0,0,,,16,512,16,graph,1,0,step_wall,100,0.3566400893032551,0.3566400893032551,0.3566400893032551,0.3566400893032551,,,"{""ranks"": [0, 1], ""world_size"": 2, ""custom_allreduce"": true, ""custom_allreduce_max_size"": 8388608, ""pynccl"": true, ""nccl_version"": 23007}","{""ranks"": null}",1800,55,86.78,0,tp2_3b
e2b68a2d,2026-10-02T00:50:50,mmp:stage1,0.30.0,tp4,0.0,0,,,16,512,16,graph,2,0,step,100,0.3532800078392029,0.35225600004196167,0.3543039858341217,0.3535152012109756,,0.38101293651869855,"{""ranks"": [0, 1], ""world_size"": 2, ""custom_allreduce"": true, ""custom_allreduce_max_size"": 8388608, ""pynccl"": true, ""nccl_version"": 23007}","{""ranks"": null}",1920,55,94.89,46,tp2_3b
e2b68a2d,2026-10-02T00:50:50,mmp:stage1,0.30.0,tp4,0.0,0,,,16,512,16,graph,2,0,step_wall,100,0.3552641801070422,0.3552641801070422,0.3552641801070422,0.3552641801070422,,,"{""ranks"": [0, 1], ""world_size"": 2, ""custom_allreduce"": true, ""custom_allreduce_max_size"": 8388608, ""pynccl"": true, ""nccl_version"": 23007}","{""ranks"": null}",1920,55,94.89,46,tp2_3b
cba67947,2026-10-02T00:50:50,mmp:stage1,0.30.0,tp4,0.0,0,,,16,512,16,graph,0,1,step,100,0.3543039858341217,0.3543039858341217,0.3553279936313629,0.3549260699748993,,0.38101293651869855,"{""ranks"": [0, 1], ""world_size"": 2, ""custom_allreduce"": true, ""custom_allreduce_max_size"": 8388608, ""pynccl"": true, ""nccl_version"": 23007}","{""ranks"": null}",1800,45,74.67,4,tp2_3b
cba67947,2026-10-02T00:50:50,mmp:stage1,0.30.0,tp4,0.0,0,,,16,512,16,graph,0,1,step_wall,100,0.356966620311141,0.356966620311141,0.356966620311141,0.356966620311141,,,"{""ranks"": [0, 1], ""world_size"": 2, ""custom_allreduce"": true, ""custom_allreduce_max_size"": 8388608, ""pynccl"": true, ""nccl_version"": 23007}","{""ranks"": null}",1800,45,74.67,4,tp2_3b
cba67947,2026-10-02T00:50:50,mmp:stage1,0.30.0,tp4,0.0,0,,,16,512,16,graph,1,1,step,100,0.3543039858341217,0.3543039858341217,0.3553279936313629,0.35497983008623124,,0.38101293651869855,"{""ranks"": [0, 1], ""world_size"": 2, ""custom_allreduce"": true, ""custom_allreduce_max_size"": 8388608, ""pynccl"": true, ""nccl_version"": 23007}","{""ranks"": null}",1800,46,74.92,2,tp2_3b
cba67947,2026-10-02T00:50:50,mmp:stage1,0.30.0,tp4,0.0,0,,,16,512,16,graph,1,1,step_wall,100,0.35679669003002346,0.35679669003002346,0.35679669003002346,0.35679669003002346,,,"{""ranks"": [0, 1], ""world_size"": 2, ""custom_allreduce"": true, ""custom_allreduce_max_size"": 8388608, ""pynccl"": true, ""nccl_version"": 23007}","{""ranks"": null}",1800,46,74.92,2,tp2_3b
cba67947,2026-10-02T00:50:50,mmp:stage1,0.30.0,tp4,0.0,0,,,16,512,16,graph,2,1,step,100,0.3532800078392029,0.35225600004196167,0.3543039858341217,0.3536486408114433,,0.38101293651869855,"{""ranks"": [0, 1], ""world_size"": 2, ""custom_allreduce"": true, ""custom_allreduce_max_size"": 8388608, ""pynccl"": true, ""nccl_version"": 23007}","{""ranks"": null}",1800,47,82.41,2,tp2_3b
cba67947,2026-10-02T00:50:50,mmp:stage1,0.30.0,tp4,0.0,0,,,16,512,16,graph,2,1,step_wall,100,0.3554059495218098,0.3554059495218098,0.3554059495218098,0.3554059495218098,,,"{""ranks"": [0, 1], ""world_size"": 2, ""custom_allreduce"": true, ""custom_allreduce_max_size"": 8388608, ""pynccl"": true, ""nccl_version"": 23007}","{""ranks"": null}",1800,47,82.41,2,tp2_3b
e2b68a2d,2026-10-02T00:50:50,mmp:stage1,0.30.0,tp4,0.0,0,,,16,512,16,graph,0,-1,step_max,100,0.3553279936313629,0.3543039858341217,0.3553279936313629,0.35489791065454485,,0.38101293651869855,"{""ranks"": [0, 1], ""world_size"": 2, ""custom_allreduce"": true, ""custom_allreduce_max_size"": 8388608, ""pynccl"": true, ""nccl_version"": 23007}","{""ranks"": null}",1800,54,84.45,2,tp2_3b
cba67947,2026-10-02T00:50:50,mmp:stage1,0.30.0,tp4,0.0,0,,,16,512,16,graph,0,-1,step_wall_max,100,0.356966620311141,0.356966620311141,0.356966620311141,0.356966620311141,,,"{""ranks"": [0, 1], ""world_size"": 2, ""custom_allreduce"": true, ""custom_allreduce_max_size"": 8388608, ""pynccl"": true, ""nccl_version"": 23007}","{""ranks"": null}",1800,45,74.67,4,tp2_3b
e2b68a2d,2026-10-02T00:50:50,mmp:stage1,0.30.0,tp4,0.0,0,,,16,512,16,graph,1,-1,step_max,100,0.3543039858341217,0.3543039858341217,0.3553279936313629,0.35490815043449403,,0.38101293651869855,"{""ranks"": [0, 1], ""world_size"": 2, ""custom_allreduce"": true, ""custom_allreduce_max_size"": 8388608, ""pynccl"": true, ""nccl_version"": 23007}","{""ranks"": null}",1800,55,86.78,0,tp2_3b
cba67947,2026-10-02T00:50:50,mmp:stage1,0.30.0,tp4,0.0,0,,,16,512,16,graph,1,-1,step_wall_max,100,0.35679669003002346,0.35679669003002346,0.35679669003002346,0.35679669003002346,,,"{""ranks"": [0, 1], ""world_size"": 2, ""custom_allreduce"": true, ""custom_allreduce_max_size"": 8388608, ""pynccl"": true, ""nccl_version"": 23007}","{""ranks"": null}",1800,46,74.92,2,tp2_3b
e2b68a2d,2026-10-02T00:50:50,mmp:stage1,0.30.0,tp4,0.0,0,,,16,512,16,graph,2,-1,step_max,100,0.3532800078392029,0.35225600004196167,0.3543039858341217,0.3535152012109756,,0.38101293651869855,"{""ranks"": [0, 1], ""world_size"": 2, ""custom_allreduce"": true, ""custom_allreduce_max_size"": 8388608, ""pynccl"": true, ""nccl_version"": 23007}","{""ranks"": null}",1920,55,94.89,46,tp2_3b
cba67947,2026-10-02T00:50:50,mmp:stage1,0.30.0,tp4,0.0,0,,,16,512,16,graph,2,-1,step_wall_max,100,0.3554059495218098,0.3554059495218098,0.3554059495218098,0.3554059495218098,,,"{""ranks"": [0, 1], ""world_size"": 2, ""custom_allreduce"": true, ""custom_allreduce_max_size"": 8388608, ""pynccl"": true, ""nccl_version"": 23007}","{""ranks"": null}",1800,47,82.41,2,tp2_3b
d0505a49,2026-10-02T00:51:09,mmp:stage1,0.30.0,tp4,0.0,0,,,16,8192,16,graph,0,0,step,100,0.45772799849510193,0.4567039906978607,0.45875200629234314,0.45766463786363604,,0.49182141233556154,"{""ranks"": [0, 1], ""world_size"": 2, ""custom_allreduce"": true, ""custom_allreduce_max_size"": 8388608, ""pynccl"": true, ""nccl_version"": 23007}","{""ranks"": null}",1800,51,85.82,24,tp2_3b
d0505a49,2026-10-02T00:51:09,mmp:stage1,0.30.0,tp4,0.0,0,,,16,8192,16,graph,0,0,step_wall,100,0.45952077955007553,0.45952077955007553,0.45952077955007553,0.45952077955007553,,,"{""ranks"": [0, 1], ""world_size"": 2, ""custom_allreduce"": true, ""custom_allreduce_max_size"": 8388608, ""pynccl"": true, ""nccl_version"": 23007}","{""ranks"": null}",1800,51,85.82,24,tp2_3b
d0505a49,2026-10-02T00:51:09,mmp:stage1,0.30.0,tp4,0.0,0,,,16,8192,16,graph,1,0,step,100,0.4567039906978607,0.4567039906978607,0.45772799849510193,0.4572364765405655,,0.49182141233556154,"{""ranks"": [0, 1], ""world_size"": 2, ""custom_allreduce"": true, ""custom_allreduce_max_size"": 8388608, ""pynccl"": true, ""nccl_version"": 23007}","{""ranks"": null}",1800,53,93.31,0,tp2_3b
d0505a49,2026-10-02T00:51:09,mmp:stage1,0.30.0,tp4,0.0,0,,,16,8192,16,graph,1,0,step_wall,100,0.459113500546664,0.459113500546664,0.459113500546664,0.459113500546664,,,"{""ranks"": [0, 1], ""world_size"": 2, ""custom_allreduce"": true, ""custom_allreduce_max_size"": 8388608, ""pynccl"": true, ""nccl_version"": 23007}","{""ranks"": null}",1800,53,93.31,0,tp2_3b
d0505a49,2026-10-02T00:51:09,mmp:stage1,0.30.0,tp4,0.0,0,,,16,8192,16,graph,2,0,step,100,0.4561920017004013,0.4546560049057007,0.4567039906978607,0.45614080160856246,,0.49182141233556154,"{""ranks"": [0, 1], ""world_size"": 2, ""custom_allreduce"": true, ""custom_allreduce_max_size"": 8388608, ""pynccl"": true, ""nccl_version"": 23007}","{""ranks"": null}",1905,54,100.95,57,tp2_3b
d0505a49,2026-10-02T00:51:09,mmp:stage1,0.30.0,tp4,0.0,0,,,16,8192,16,graph,2,0,step_wall,100,0.4578844702336937,0.4578844702336937,0.4578844702336937,0.4578844702336937,,,"{""ranks"": [0, 1], ""world_size"": 2, ""custom_allreduce"": true, ""custom_allreduce_max_size"": 8388608, ""pynccl"": true, ""nccl_version"": 23007}","{""ranks"": null}",1905,54,100.95,57,tp2_3b
1343639c,2026-10-02T00:51:09,mmp:stage1,0.30.0,tp4,0.0,0,,,16,8192,16,graph,0,1,step,100,0.45772799849510193,0.4567039906978607,0.45875200629234314,0.4577177572250366,,0.49182141233556154,"{""ranks"": [0, 1], ""world_size"": 2, ""custom_allreduce"": true, ""custom_allreduce_max_size"": 8388608, ""pynccl"": true, ""nccl_version"": 23007}","{""ranks"": null}",1800,43,74.74,25,tp2_3b
1343639c,2026-10-02T00:51:09,mmp:stage1,0.30.0,tp4,0.0,0,,,16,8192,16,graph,0,1,step_wall,100,0.4596915002912283,0.4596915002912283,0.4596915002912283,0.4596915002912283,,,"{""ranks"": [0, 1], ""world_size"": 2, ""custom_allreduce"": true, ""custom_allreduce_max_size"": 8388608, ""pynccl"": true, ""nccl_version"": 23007}","{""ranks"": null}",1800,43,74.74,25,tp2_3b
1343639c,2026-10-02T00:51:09,mmp:stage1,0.30.0,tp4,0.0,0,,,16,8192,16,graph,1,1,step,100,0.45772799849510193,0.4567039906978607,0.45875200629234314,0.4575948768854141,,0.49182141233556154,"{""ranks"": [0, 1], ""world_size"": 2, ""custom_allreduce"": true, ""custom_allreduce_max_size"": 8388608, ""pynccl"": true, ""nccl_version"": 23007}","{""ranks"": null}",1800,44,79.29,18,tp2_3b
1343639c,2026-10-02T00:51:09,mmp:stage1,0.30.0,tp4,0.0,0,,,16,8192,16,graph,1,1,step_wall,100,0.4592814203351736,0.4592814203351736,0.4592814203351736,0.4592814203351736,,,"{""ranks"": [0, 1], ""world_size"": 2, ""custom_allreduce"": true, ""custom_allreduce_max_size"": 8388608, ""pynccl"": true, ""nccl_version"": 23007}","{""ranks"": null}",1800,44,79.29,18,tp2_3b
1343639c,2026-10-02T00:51:09,mmp:stage1,0.30.0,tp4,0.0,0,,,16,8192,16,graph,2,1,step,100,0.4567039906978607,0.4556800127029419,0.4567039906978607,0.45632512152194976,,0.49182141233556154,"{""ranks"": [0, 1], ""world_size"": 2, ""custom_allreduce"": true, ""custom_allreduce_max_size"": 8388608, ""pynccl"": true, ""nccl_version"": 23007}","{""ranks"": null}",1800,45,86.96,18,tp2_3b
1343639c,2026-10-02T00:51:09,mmp:stage1,0.30.0,tp4,0.0,0,,,16,8192,16,graph,2,1,step_wall,100,0.45803976943716407,0.45803976943716407,0.45803976943716407,0.45803976943716407,,,"{""ranks"": [0, 1], ""world_size"": 2, ""custom_allreduce"": true, ""custom_allreduce_max_size"": 8388608, ""pynccl"": true, ""nccl_version"": 23007}","{""ranks"": null}",1800,45,86.96,18,tp2_3b
d0505a49,2026-10-02T00:51:09,mmp:stage1,0.30.0,tp4,0.0,0,,,16,8192,16,graph,0,-1,step_max,100,0.45772799849510193,0.4567039906978607,0.45875200629234314,0.45766463786363604,,0.49182141233556154,"{""ranks"": [0, 1], ""world_size"": 2, ""custom_allreduce"": true, ""custom_allreduce_max_size"": 8388608, ""pynccl"": true, ""nccl_version"": 23007}","{""ranks"": null}",1800,51,85.82,24,tp2_3b
1343639c,2026-10-02T00:51:09,mmp:stage1,0.30.0,tp4,0.0,0,,,16,8192,16,graph,0,-1,step_wall_max,100,0.4596915002912283,0.4596915002912283,0.4596915002912283,0.4596915002912283,,,"{""ranks"": [0, 1], ""world_size"": 2, ""custom_allreduce"": true, ""custom_allreduce_max_size"": 8388608, ""pynccl"": true, ""nccl_version"": 23007}","{""ranks"": null}",1800,43,74.74,25,tp2_3b
1343639c,2026-10-02T00:51:09,mmp:stage1,0.30.0,tp4,0.0,0,,,16,8192,16,graph,1,-1,step_max,100,0.45772799849510193,0.4567039906978607,0.45875200629234314,0.4575948768854141,,0.49182141233556154,"{""ranks"": [0, 1], ""world_size"": 2, ""custom_allreduce"": true, ""custom_allreduce_max_size"": 8388608, ""pynccl"": true, ""nccl_version"": 23007}","{""ranks"": null}",1800,44,79.29,18,tp2_3b
1343639c,2026-10-02T00:51:09,mmp:stage1,0.30.0,tp4,0.0,0,,,16,8192,16,graph,1,-1,step_wall_max,100,0.4592814203351736,0.4592814203351736,0.4592814203351736,0.4592814203351736,,,"{""ranks"": [0, 1], ""world_size"": 2, ""custom_allreduce"": true, ""custom_allreduce_max_size"": 8388608, ""pynccl"": true, ""nccl_version"": 23007}","{""ranks"": null}",1800,44,79.29,18,tp2_3b
1343639c,2026-10-02T00:51:09,mmp:stage1,0.30.0,tp4,0.0,0,,,16,8192,16,graph,2,-1,step_max,100,0.4567039906978607,0.4556800127029419,0.4567039906978607,0.45632512152194976,,0.49182141233556154,"{""ranks"": [0, 1], ""world_size"": 2, ""custom_allreduce"": true, ""custom_allreduce_max_size"": 8388608, ""pynccl"": true, ""nccl_version"": 23007}","{""ranks"": null}",1800,45,86.96,18,tp2_3b
1343639c,2026-10-02T00:51:09,mmp:stage1,0.30.0,tp4,0.0,0,,,16,8192,16,graph,2,-1,step_wall_max,100,0.45803976943716407,0.45803976943716407,0.45803976943716407,0.45803976943716407,,,"{""ranks"": [0, 1], ""world_size"": 2, ""custom_allreduce"": true, ""custom_allreduce_max_size"": 8388608, ""pynccl"": true, ""nccl_version"": 23007}","{""ranks"": null}",1800,45,86.96,18,tp2_3b
fee2821f,2026-10-02T00:51:28,mmp:stage1,0.30.0,tp4,0.0,0,,,16,32768,16,graph,0,0,step,100,0.7772160172462463,0.7751680016517639,0.7782400250434875,0.7771110510826111,,0.8051957841296156,"{""ranks"": [0, 1], ""world_size"": 2, ""custom_allreduce"": true, ""custom_allreduce_max_size"": 8388608, ""pynccl"": true, ""nccl_version"": 23007}","{""ranks"": null}",1800,50,88.14,32,tp2_3b
fee2821f,2026-10-02T00:51:28,mmp:stage1,0.30.0,tp4,0.0,0,,,16,32768,16,graph,0,0,step_wall,100,0.7790118595585227,0.7790118595585227,0.7790118595585227,0.7790118595585227,,,"{""ranks"": [0, 1], ""world_size"": 2, ""custom_allreduce"": true, ""custom_allreduce_max_size"": 8388608, ""pynccl"": true, ""nccl_version"": 23007}","{""ranks"": null}",1800,50,88.14,32,tp2_3b
fee2821f,2026-10-02T00:51:28,mmp:stage1,0.30.0,tp4,0.0,0,,,16,32768,16,graph,1,0,step,100,0.7772160172462463,0.7751680016517639,0.7802879810333252,0.777656323313713,,0.8051957841296156,"{""ranks"": [0, 1], ""world_size"": 2, ""custom_allreduce"": true, ""custom_allreduce_max_size"": 8388608, ""pynccl"": true, ""nccl_version"": 23007}","{""ranks"": null}",1800,52,97.5,0,tp2_3b
fee2821f,2026-10-02T00:51:28,mmp:stage1,0.30.0,tp4,0.0,0,,,16,32768,16,graph,1,0,step_wall,100,0.7794837502297014,0.7794837502297014,0.7794837502297014,0.7794837502297014,,,"{""ranks"": [0, 1], ""world_size"": 2, ""custom_allreduce"": true, ""custom_allreduce_max_size"": 8388608, ""pynccl"": true, ""nccl_version"": 23007}","{""ranks"": null}",1800,52,97.5,0,tp2_3b
fee2821f,2026-10-02T00:51:28,mmp:stage1,0.30.0,tp4,0.0,0,,,16,32768,16,graph,2,0,step,100,0.7710719704627991,0.7690240144729614,0.7720959782600403,0.7709692710638046,,0.8051957841296156,"{""ranks"": [0, 1], ""world_size"": 2, ""custom_allreduce"": true, ""custom_allreduce_max_size"": 8388608, ""pynccl"": true, ""nccl_version"": 23007}","{""ranks"": null}",1905,54,105.09,71,tp2_3b
fee2821f,2026-10-02T00:51:28,mmp:stage1,0.30.0,tp4,0.0,0,,,16,32768,16,graph,2,0,step_wall,100,0.7727993407752365,0.7727993407752365,0.7727993407752365,0.7727993407752365,,,"{""ranks"": [0, 1], ""world_size"": 2, ""custom_allreduce"": true, ""custom_allreduce_max_size"": 8388608, ""pynccl"": true, ""nccl_version"": 23007}","{""ranks"": null}",1905,54,105.09,71,tp2_3b
bdd7f660,2026-10-02T00:51:28,mmp:stage1,0.30.0,tp4,0.0,0,,,16,32768,16,graph,0,1,step,100,0.7772160172462463,0.7751680016517639,0.7782400250434875,0.7773900920152664,,0.8051957841296156,"{""ranks"": [0, 1], ""world_size"": 2, ""custom_allreduce"": true, ""custom_allreduce_max_size"": 8388608, ""pynccl"": true, ""nccl_version"": 23007}","{""ranks"": null}",1800,41,78.59,22,tp2_3b
bdd7f660,2026-10-02T00:51:28,mmp:stage1,0.30.0,tp4,0.0,0,,,16,32768,16,graph,0,1,step_wall,100,0.7791997096501291,0.7791997096501291,0.7791997096501291,0.7791997096501291,,,"{""ranks"": [0, 1], ""world_size"": 2, ""custom_allreduce"": true, ""custom_allreduce_max_size"": 8388608, ""pynccl"": true, ""nccl_version"": 23007}","{""ranks"": null}",1800,41,78.59,22,tp2_3b
bdd7f660,2026-10-02T00:51:28,mmp:stage1,0.30.0,tp4,0.0,0,,,16,32768,16,graph,1,1,step,100,0.7772160172462463,0.7751680016517639,0.7802879810333252,0.7778611218929291,,0.8051957841296156,"{""ranks"": [0, 1], ""world_size"": 2, ""custom_allreduce"": true, ""custom_allreduce_max_size"": 8388608, ""pynccl"": true, ""nccl_version"": 23007}","{""ranks"": null}",1800,43,83.75,34,tp2_3b
bdd7f660,2026-10-02T00:51:28,mmp:stage1,0.30.0,tp4,0.0,0,,,16,32768,16,graph,1,1,step_wall,100,0.7796122902072966,0.7796122902072966,0.7796122902072966,0.7796122902072966,,,"{""ranks"": [0, 1], ""world_size"": 2, ""custom_allreduce"": true, ""custom_allreduce_max_size"": 8388608, ""pynccl"": true, ""nccl_version"": 23007}","{""ranks"": null}",1800,43,83.75,34,tp2_3b
bdd7f660,2026-10-02T00:51:28,mmp:stage1,0.30.0,tp4,0.0,0,,,16,32768,16,graph,2,1,step,100,0.7710719704627991,0.7690240144729614,0.7720959782600403,0.7710697519779205,,0.8051957841296156,"{""ranks"": [0, 1], ""world_size"": 2, ""custom_allreduce"": true, ""custom_allreduce_max_size"": 8388608, ""pynccl"": true, ""nccl_version"": 23007}","{""ranks"": null}",1890,44,103.78,69,tp2_3b
bdd7f660,2026-10-02T00:51:28,mmp:stage1,0.30.0,tp4,0.0,0,,,16,32768,16,graph,2,1,step_wall,100,0.7729162694886327,0.7729162694886327,0.7729162694886327,0.7729162694886327,,,"{""ranks"": [0, 1], ""world_size"": 2, ""custom_allreduce"": true, ""custom_allreduce_max_size"": 8388608, ""pynccl"": true, ""nccl_version"": 23007}","{""ranks"": null}",1890,44,103.78,69,tp2_3b
fee2821f,2026-10-02T00:51:28,mmp:stage1,0.30.0,tp4,0.0,0,,,16,32768,16,graph,0,-1,step_max,100,0.7772160172462463,0.7751680016517639,0.7782400250434875,0.7771110510826111,,0.8051957841296156,"{""ranks"": [0, 1], ""world_size"": 2, ""custom_allreduce"": true, ""custom_allreduce_max_size"": 8388608, ""pynccl"": true, ""nccl_version"": 23007}","{""ranks"": null}",1800,50,88.14,32,tp2_3b
bdd7f660,2026-10-02T00:51:28,mmp:stage1,0.30.0,tp4,0.0,0,,,16,32768,16,graph,0,-1,step_wall_max,100,0.7791997096501291,0.7791997096501291,0.7791997096501291,0.7791997096501291,,,"{""ranks"": [0, 1], ""world_size"": 2, ""custom_allreduce"": true, ""custom_allreduce_max_size"": 8388608, ""pynccl"": true, ""nccl_version"": 23007}","{""ranks"": null}",1800,41,78.59,22,tp2_3b
fee2821f,2026-10-02T00:51:28,mmp:stage1,0.30.0,tp4,0.0,0,,,16,32768,16,graph,1,-1,step_max,100,0.7772160172462463,0.7751680016517639,0.7802879810333252,0.777656323313713,,0.8051957841296156,"{""ranks"": [0, 1], ""world_size"": 2, ""custom_allreduce"": true, ""custom_allreduce_max_size"": 8388608, ""pynccl"": true, ""nccl_version"": 23007}","{""ranks"": null}",1800,52,97.5,0,tp2_3b
bdd7f660,2026-10-02T00:51:28,mmp:stage1,0.30.0,tp4,0.0,0,,,16,32768,16,graph,1,-1,step_wall_max,100,0.7796122902072966,0.7796122902072966,0.7796122902072966,0.7796122902072966,,,"{""ranks"": [0, 1], ""world_size"": 2, ""custom_allreduce"": true, ""custom_allreduce_max_size"": 8388608, ""pynccl"": true, ""nccl_version"": 23007}","{""ranks"": null}",1800,43,83.75,34,tp2_3b
fee2821f,2026-10-02T00:51:28,mmp:stage1,0.30.0,tp4,0.0,0,,,16,32768,16,graph,2,-1,step_max,100,0.7710719704627991,0.7690240144729614,0.7720959782600403,0.7709692710638046,,0.8051957841296156,"{""ranks"": [0, 1], ""world_size"": 2, ""custom_allreduce"": true, ""custom_allreduce_max_size"": 8388608, ""pynccl"": true, ""nccl_version"": 23007}","{""ranks"": null}",1905,54,105.09,71,tp2_3b
bdd7f660,2026-10-02T00:51:28,mmp:stage1,0.30.0,tp4,0.0,0,,,16,32768,16,graph,2,-1,step_wall_max,100,0.7729162694886327,0.7729162694886327,0.7729162694886327,0.7729162694886327,,,"{""ranks"": [0, 1], ""world_size"": 2, ""custom_allreduce"": true, ""custom_allreduce_max_size"": 8388608, ""pynccl"": true, ""nccl_version"": 23007}","{""ranks"": null}",1890,44,103.78,69,tp2_3b
4829a0d4,2026-10-02T00:51:47,mmp:stage1,0.30.0,tp4,0.0,0,,,16,512,16,graph,0,0,step,100,0.48025599122047424,0.4792320132255554,0.48127999901771545,0.480481279194355,,0.47463939894666857,"{""ranks"": [0, 1], ""world_size"": 2, ""custom_allreduce"": true, ""custom_allreduce_max_size"": 8388608, ""pynccl"": true, ""nccl_version"": 23007}","{""ranks"": null}",1800,48,83.4,3,tp2_7b
4829a0d4,2026-10-02T00:51:47,mmp:stage1,0.30.0,tp4,0.0,0,,,16,512,16,graph,0,0,step_wall,100,0.48240087926387787,0.48240087926387787,0.48240087926387787,0.48240087926387787,,,"{""ranks"": [0, 1], ""world_size"": 2, ""custom_allreduce"": true, ""custom_allreduce_max_size"": 8388608, ""pynccl"": true, ""nccl_version"": 23007}","{""ranks"": null}",1800,48,83.4,3,tp2_7b
4829a0d4,2026-10-02T00:51:47,mmp:stage1,0.30.0,tp4,0.0,0,,,16,512,16,graph,1,0,step,100,0.48127999901771545,0.48025599122047424,0.48230400681495667,0.48099327713251117,,0.47463939894666857,"{""ranks"": [0, 1], ""world_size"": 2, ""custom_allreduce"": true, ""custom_allreduce_max_size"": 8388608, ""pynccl"": true, ""nccl_version"": 23007}","{""ranks"": null}",1800,50,84.42,8,tp2_7b
4829a0d4,2026-10-02T00:51:47,mmp:stage1,0.30.0,tp4,0.0,0,,,16,512,16,graph,1,0,step_wall,100,0.48275034059770405,0.48275034059770405,0.48275034059770405,0.48275034059770405,,,"{""ranks"": [0, 1], ""world_size"": 2, ""custom_allreduce"": true, ""custom_allreduce_max_size"": 8388608, ""pynccl"": true, ""nccl_version"": 23007}","{""ranks"": null}",1800,50,84.42,8,tp2_7b
4829a0d4,2026-10-02T00:51:47,mmp:stage1,0.30.0,tp4,0.0,0,,,16,512,16,graph,2,0,step,100,0.48025599122047424,0.4792320132255554,0.48127999901771545,0.48047935962677,,0.47463939894666857,"{""ranks"": [0, 1], ""world_size"": 2, ""custom_allreduce"": true, ""custom_allreduce_max_size"": 8388608, ""pynccl"": true, ""nccl_version"": 23007}","{""ranks"": null}",1800,51,93.35,8,tp2_7b
4829a0d4,2026-10-02T00:51:47,mmp:stage1,0.30.0,tp4,0.0,0,,,16,512,16,graph,2,0,step_wall,100,0.4821922804694623,0.4821922804694623,0.4821922804694623,0.4821922804694623,,,"{""ranks"": [0, 1], ""world_size"": 2, ""custom_allreduce"": true, ""custom_allreduce_max_size"": 8388608, ""pynccl"": true, ""nccl_version"": 23007}","{""ranks"": null}",1800,51,93.35,8,tp2_7b
17e96abe,2026-10-02T00:51:47,mmp:stage1,0.30.0,tp4,0.0,0,,,16,512,16,graph,0,1,step,100,0.48025599122047424,0.4792320132255554,0.48127999901771545,0.4807577586174011,,0.47463939894666857,"{""ranks"": [0, 1], ""world_size"": 2, ""custom_allreduce"": true, ""custom_allreduce_max_size"": 8388608, ""pynccl"": true, ""nccl_version"": 23007}","{""ranks"": null}",1800,40,73.24,3,tp2_7b
17e96abe,2026-10-02T00:51:47,mmp:stage1,0.30.0,tp4,0.0,0,,,16,512,16,graph,0,1,step_wall,100,0.48254155088216066,0.48254155088216066,0.48254155088216066,0.48254155088216066,,,"{""ranks"": [0, 1], ""world_size"": 2, ""custom_allreduce"": true, ""custom_allreduce_max_size"": 8388608, ""pynccl"": true, ""nccl_version"": 23007}","{""ranks"": null}",1800,40,73.24,3,tp2_7b
17e96abe,2026-10-02T00:51:47,mmp:stage1,0.30.0,tp4,0.0,0,,,16,512,16,graph,1,1,step,100,0.48127999901771545,0.48025599122047424,0.48230400681495667,0.4811263966560364,,0.47463939894666857,"{""ranks"": [0, 1], ""world_size"": 2, ""custom_allreduce"": true, ""custom_allreduce_max_size"": 8388608, ""pynccl"": true, ""nccl_version"": 23007}","{""ranks"": null}",1800,42,73.27,0,tp2_7b
17e96abe,2026-10-02T00:51:47,mmp:stage1,0.30.0,tp4,0.0,0,,,16,512,16,graph,1,1,step_wall,100,0.48288199002854526,0.48288199002854526,0.48288199002854526,0.48288199002854526,,,"{""ranks"": [0, 1], ""world_size"": 2, ""custom_allreduce"": true, ""custom_allreduce_max_size"": 8388608, ""pynccl"": true, ""nccl_version"": 23007}","{""ranks"": null}",1800,42,73.27,0,tp2_7b
17e96abe,2026-10-02T00:51:47,mmp:stage1,0.30.0,tp4,0.0,0,,,16,512,16,graph,2,1,step,100,0.48025599122047424,0.4792320132255554,0.48127999901771545,0.4805718395113945,,0.47463939894666857,"{""ranks"": [0, 1], ""world_size"": 2, ""custom_allreduce"": true, ""custom_allreduce_max_size"": 8388608, ""pynccl"": true, ""nccl_version"": 23007}","{""ranks"": null}",1800,42,80.79,34,tp2_7b
17e96abe,2026-10-02T00:51:47,mmp:stage1,0.30.0,tp4,0.0,0,,,16,512,16,graph,2,1,step_wall,100,0.4822926700580865,0.4822926700580865,0.4822926700580865,0.4822926700580865,,,"{""ranks"": [0, 1], ""world_size"": 2, ""custom_allreduce"": true, ""custom_allreduce_max_size"": 8388608, ""pynccl"": true, ""nccl_version"": 23007}","{""ranks"": null}",1800,42,80.79,34,tp2_7b
4829a0d4,2026-10-02T00:51:47,mmp:stage1,0.30.0,tp4,0.0,0,,,16,512,16,graph,0,-1,step_max,100,0.48025599122047424,0.4792320132255554,0.48127999901771545,0.480481279194355,,0.47463939894666857,"{""ranks"": [0, 1], ""world_size"": 2, ""custom_allreduce"": true, ""custom_allreduce_max_size"": 8388608, ""pynccl"": true, ""nccl_version"": 23007}","{""ranks"": null}",1800,48,83.4,3,tp2_7b
17e96abe,2026-10-02T00:51:47,mmp:stage1,0.30.0,tp4,0.0,0,,,16,512,16,graph,0,-1,step_wall_max,100,0.48254155088216066,0.48254155088216066,0.48254155088216066,0.48254155088216066,,,"{""ranks"": [0, 1], ""world_size"": 2, ""custom_allreduce"": true, ""custom_allreduce_max_size"": 8388608, ""pynccl"": true, ""nccl_version"": 23007}","{""ranks"": null}",1800,40,73.24,3,tp2_7b
4829a0d4,2026-10-02T00:51:47,mmp:stage1,0.30.0,tp4,0.0,0,,,16,512,16,graph,1,-1,step_max,100,0.48127999901771545,0.48025599122047424,0.48230400681495667,0.48099327713251117,,0.47463939894666857,"{""ranks"": [0, 1], ""world_size"": 2, ""custom_allreduce"": true, ""custom_allreduce_max_size"": 8388608, ""pynccl"": true, ""nccl_version"": 23007}","{""ranks"": null}",1800,50,84.42,8,tp2_7b
17e96abe,2026-10-02T00:51:47,mmp:stage1,0.30.0,tp4,0.0,0,,,16,512,16,graph,1,-1,step_wall_max,100,0.48288199002854526,0.48288199002854526,0.48288199002854526,0.48288199002854526,,,"{""ranks"": [0, 1], ""world_size"": 2, ""custom_allreduce"": true, ""custom_allreduce_max_size"": 8388608, ""pynccl"": true, ""nccl_version"": 23007}","{""ranks"": null}",1800,42,73.27,0,tp2_7b
4829a0d4,2026-10-02T00:51:47,mmp:stage1,0.30.0,tp4,0.0,0,,,16,512,16,graph,2,-1,step_max,100,0.48025599122047424,0.4792320132255554,0.48127999901771545,0.48047935962677,,0.47463939894666857,"{""ranks"": [0, 1], ""world_size"": 2, ""custom_allreduce"": true, ""custom_allreduce_max_size"": 8388608, ""pynccl"": true, ""nccl_version"": 23007}","{""ranks"": null}",1800,51,93.35,8,tp2_7b
17e96abe,2026-10-02T00:51:47,mmp:stage1,0.30.0,tp4,0.0,0,,,16,512,16,graph,2,-1,step_wall_max,100,0.4822926700580865,0.4822926700580865,0.4822926700580865,0.4822926700580865,,,"{""ranks"": [0, 1], ""world_size"": 2, ""custom_allreduce"": true, ""custom_allreduce_max_size"": 8388608, ""pynccl"": true, ""nccl_version"": 23007}","{""ranks"": null}",1800,42,80.79,34,tp2_7b
5258a839,2026-10-02T00:52:07,mmp:stage1,0.30.0,tp4,0.0,0,,,16,8192,16,graph,0,0,step,100,0.5836799740791321,0.5826560258865356,0.5847039818763733,0.5840988636016846,,0.586127628482794,"{""ranks"": [0, 1], ""world_size"": 2, ""custom_allreduce"": true, ""custom_allreduce_max_size"": 8388608, ""pynccl"": true, ""nccl_version"": 23007}","{""ranks"": null}",1800,47,83.82,19,tp2_7b
5258a839,2026-10-02T00:52:07,mmp:stage1,0.30.0,tp4,0.0,0,,,16,8192,16,graph,0,0,step_wall,100,0.5859228793997318,0.5859228793997318,0.5859228793997318,0.5859228793997318,,,"{""ranks"": [0, 1], ""world_size"": 2, ""custom_allreduce"": true, ""custom_allreduce_max_size"": 8388608, ""pynccl"": true, ""nccl_version"": 23007}","{""ranks"": null}",1800,47,83.82,19,tp2_7b
5258a839,2026-10-02T00:52:07,mmp:stage1,0.30.0,tp4,0.0,0,,,16,8192,16,graph,1,0,step,100,0.5836799740791321,0.5816320180892944,0.5847039818763733,0.5832687997817994,,0.586127628482794,"{""ranks"": [0, 1], ""world_size"": 2, ""custom_allreduce"": true, ""custom_allreduce_max_size"": 8388608, ""pynccl"": true, ""nccl_version"": 23007}","{""ranks"": null}",1800,49,87.65,0,tp2_7b
5258a839,2026-10-02T00:52:07,mmp:stage1,0.30.0,tp4,0.0,0,,,16,8192,16,graph,1,0,step_wall,100,0.5850880895741284,0.5850880895741284,0.5850880895741284,0.5850880895741284,,,"{""ranks"": [0, 1], ""world_size"": 2, ""custom_allreduce"": true, ""custom_allreduce_max_size"": 8388608, ""pynccl"": true, ""nccl_version"": 23007}","{""ranks"": null}",1800,49,87.65,0,tp2_7b
5258a839,2026-10-02T00:52:07,mmp:stage1,0.30.0,tp4,0.0,0,,,16,8192,16,graph,2,0,step,100,0.5765119791030884,0.5754879713058472,0.5775359869003296,0.5761638218164444,,0.586127628482794,"{""ranks"": [0, 1], ""world_size"": 2, ""custom_allreduce"": true, ""custom_allreduce_max_size"": 8388608, ""pynccl"": true, ""nccl_version"": 23007}","{""ranks"": null}",1905,50,97.06,53,tp2_7b
5258a839,2026-10-02T00:52:07,mmp:stage1,0.30.0,tp4,0.0,0,,,16,8192,16,graph,2,0,step_wall,100,0.5779037403408438,0.5779037403408438,0.5779037403408438,0.5779037403408438,,,"{""ranks"": [0, 1], ""world_size"": 2, ""custom_allreduce"": true, ""custom_allreduce_max_size"": 8388608, ""pynccl"": true, ""nccl_version"": 23007}","{""ranks"": null}",1905,50,97.06,53,tp2_7b
4e2dc27f,2026-10-02T00:52:07,mmp:stage1,0.30.0,tp4,0.0,0,,,16,8192,16,graph,0,1,step,100,0.5836799740791321,0.5826560258865356,0.5847039818763733,0.5842508631944656,,0.586127628482794,"{""ranks"": [0, 1], ""world_size"": 2, ""custom_allreduce"": true, ""custom_allreduce_max_size"": 8388608, ""pynccl"": true, ""nccl_version"": 23007}","{""ranks"": null}",1800,40,73.88,30,tp2_7b
4e2dc27f,2026-10-02T00:52:07,mmp:stage1,0.30.0,tp4,0.0,0,,,16,8192,16,graph,0,1,step_wall,100,0.5860981100704521,0.5860981100704521,0.5860981100704521,0.5860981100704521,,,"{""ranks"": [0, 1], ""world_size"": 2, ""custom_allreduce"": true, ""custom_allreduce_max_size"": 8388608, ""pynccl"": true, ""nccl_version"": 23007}","{""ranks"": null}",1800,40,73.88,30,tp2_7b
4e2dc27f,2026-10-02T00:52:07,mmp:stage1,0.30.0,tp4,0.0,0,,,16,8192,16,graph,1,1,step,100,0.5836799740791321,0.5816320180892944,0.5847039818763733,0.5834547197818756,,0.586127628482794,"{""ranks"": [0, 1], ""world_size"": 2, ""custom_allreduce"": true, ""custom_allreduce_max_size"": 8388608, ""pynccl"": true, ""nccl_version"": 23007}","{""ranks"": null}",1800,42,74.47,5,tp2_7b
4e2dc27f,2026-10-02T00:52:07,mmp:stage1,0.30.0,tp4,0.0,0,,,16,8192,16,graph,1,1,step_wall,100,0.5852321709971875,0.5852321709971875,0.5852321709971875,0.5852321709971875,,,"{""ranks"": [0, 1], ""world_size"": 2, ""custom_allreduce"": true, ""custom_allreduce_max_size"": 8388608, ""pynccl"": true, ""nccl_version"": 23007}","{""ranks"": null}",1800,42,74.47,5,tp2_7b
4e2dc27f,2026-10-02T00:52:07,mmp:stage1,0.30.0,tp4,0.0,0,,,16,8192,16,graph,2,1,step,100,0.5765119791030884,0.5754879713058472,0.5775359869003296,0.5763379001617431,,0.586127628482794,"{""ranks"": [0, 1], ""world_size"": 2, ""custom_allreduce"": true, ""custom_allreduce_max_size"": 8388608, ""pynccl"": true, ""nccl_version"": 23007}","{""ranks"": null}",1800,42,84.1,5,tp2_7b
4e2dc27f,2026-10-02T00:52:07,mmp:stage1,0.30.0,tp4,0.0,0,,,16,8192,16,graph,2,1,step_wall,100,0.5780180601868778,0.5780180601868778,0.5780180601868778,0.5780180601868778,,,"{""ranks"": [0, 1], ""world_size"": 2, ""custom_allreduce"": true, ""custom_allreduce_max_size"": 8388608, ""pynccl"": true, ""nccl_version"": 23007}","{""ranks"": null}",1800,42,84.1,5,tp2_7b
5258a839,2026-10-02T00:52:07,mmp:stage1,0.30.0,tp4,0.0,0,,,16,8192,16,graph,0,-1,step_max,100,0.5836799740791321,0.5826560258865356,0.5847039818763733,0.5840988636016846,,0.586127628482794,"{""ranks"": [0, 1], ""world_size"": 2, ""custom_allreduce"": true, ""custom_allreduce_max_size"": 8388608, ""pynccl"": true, ""nccl_version"": 23007}","{""ranks"": null}",1800,47,83.82,19,tp2_7b
4e2dc27f,2026-10-02T00:52:07,mmp:stage1,0.30.0,tp4,0.0,0,,,16,8192,16,graph,0,-1,step_wall_max,100,0.5860981100704521,0.5860981100704521,0.5860981100704521,0.5860981100704521,,,"{""ranks"": [0, 1], ""world_size"": 2, ""custom_allreduce"": true, ""custom_allreduce_max_size"": 8388608, ""pynccl"": true, ""nccl_version"": 23007}","{""ranks"": null}",1800,40,73.88,30,tp2_7b
5258a839,2026-10-02T00:52:07,mmp:stage1,0.30.0,tp4,0.0,0,,,16,8192,16,graph,1,-1,step_max,100,0.5836799740791321,0.5816320180892944,0.5847039818763733,0.5832687997817994,,0.586127628482794,"{""ranks"": [0, 1], ""world_size"": 2, ""custom_allreduce"": true, ""custom_allreduce_max_size"": 8388608, ""pynccl"": true, ""nccl_version"": 23007}","{""ranks"": null}",1800,49,87.65,0,tp2_7b
4e2dc27f,2026-10-02T00:52:07,mmp:stage1,0.30.0,tp4,0.0,0,,,16,8192,16,graph,1,-1,step_wall_max,100,0.5852321709971875,0.5852321709971875,0.5852321709971875,0.5852321709971875,,,"{""ranks"": [0, 1], ""world_size"": 2, ""custom_allreduce"": true, ""custom_allreduce_max_size"": 8388608, ""pynccl"": true, ""nccl_version"": 23007}","{""ranks"": null}",1800,42,74.47,5,tp2_7b
5258a839,2026-10-02T00:52:07,mmp:stage1,0.30.0,tp4,0.0,0,,,16,8192,16,graph,2,-1,step_max,100,0.5765119791030884,0.5754879713058472,0.5775359869003296,0.5761638218164444,,0.586127628482794,"{""ranks"": [0, 1], ""world_size"": 2, ""custom_allreduce"": true, ""custom_allreduce_max_size"": 8388608, ""pynccl"": true, ""nccl_version"": 23007}","{""ranks"": null}",1905,50,97.06,53,tp2_7b
4e2dc27f,2026-10-02T00:52:07,mmp:stage1,0.30.0,tp4,0.0,0,,,16,8192,16,graph,2,-1,step_wall_max,100,0.5780180601868778,0.5780180601868778,0.5780180601868778,0.5780180601868778,,,"{""ranks"": [0, 1], ""world_size"": 2, ""custom_allreduce"": true, ""custom_allreduce_max_size"": 8388608, ""pynccl"": true, ""nccl_version"": 23007}","{""ranks"": null}",1800,42,84.1,5,tp2_7b
269d7343,2026-10-02T00:52:26,mmp:stage1,0.30.0,tp4,0.0,0,,,16,32768,16,graph,0,0,step,100,0.9031680226325989,0.9000959992408752,0.907263994216919,0.9035059213638306,,0.8984636337532751,"{""ranks"": [0, 1], ""world_size"": 2, ""custom_allreduce"": true, ""custom_allreduce_max_size"": 8388608, ""pynccl"": true, ""nccl_version"": 23007}","{""ranks"": null}",1800,46,87.0,21,tp2_7b
269d7343,2026-10-02T00:52:26,mmp:stage1,0.30.0,tp4,0.0,0,,,16,32768,16,graph,0,0,step_wall,100,0.905478079803288,0.905478079803288,0.905478079803288,0.905478079803288,,,"{""ranks"": [0, 1], ""world_size"": 2, ""custom_allreduce"": true, ""custom_allreduce_max_size"": 8388608, ""pynccl"": true, ""nccl_version"": 23007}","{""ranks"": null}",1800,46,87.0,21,tp2_7b
269d7343,2026-10-02T00:52:26,mmp:stage1,0.30.0,tp4,0.0,0,,,16,32768,16,graph,1,0,step,100,0.8970239758491516,0.8960000276565552,0.9000959992408752,0.8978207993507386,,0.8984636337532751,"{""ranks"": [0, 1], ""world_size"": 2, ""custom_allreduce"": true, ""custom_allreduce_max_size"": 8388608, ""pynccl"": true, ""nccl_version"": 23007}","{""ranks"": null}",1845,49,93.2,37,tp2_7b
269d7343,2026-10-02T00:52:26,mmp:stage1,0.30.0,tp4,0.0,0,,,16,32768,16,graph,1,0,step_wall,100,0.8995377901010215,0.8995377901010215,0.8995377901010215,0.8995377901010215,,,"{""ranks"": [0, 1], ""world_size"": 2, ""custom_allreduce"": true, ""custom_allreduce_max_size"": 8388608, ""pynccl"": true, ""nccl_version"": 23007}","{""ranks"": null}",1845,49,93.2,37,tp2_7b
269d7343,2026-10-02T00:52:26,mmp:stage1,0.30.0,tp4,0.0,0,,,16,32768,16,graph,2,0,step,100,0.8929280042648315,0.8908799886703491,0.8970239758491516,0.8935526424646377,,0.8984636337532751,"{""ranks"": [0, 1], ""world_size"": 2, ""custom_allreduce"": true, ""custom_allreduce_max_size"": 8388608, ""pynccl"": true, ""nccl_version"": 23007}","{""ranks"": null}",1935,50,116.33,78,tp2_7b
269d7343,2026-10-02T00:52:26,mmp:stage1,0.30.0,tp4,0.0,0,,,16,32768,16,graph,2,0,step_wall,100,0.8953794895205647,0.8953794895205647,0.8953794895205647,0.8953794895205647,,,"{""ranks"": [0, 1], ""world_size"": 2, ""custom_allreduce"": true, ""custom_allreduce_max_size"": 8388608, ""pynccl"": true, ""nccl_version"": 23007}","{""ranks"": null}",1935,50,116.33,78,tp2_7b
2cd5996e,2026-10-02T00:52:26,mmp:stage1,0.30.0,tp4,0.0,0,,,16,32768,16,graph,0,1,step,100,0.9031680226325989,0.9011200070381165,0.907263994216919,0.9037404805421829,,0.8984636337532751,"{""ranks"": [0, 1], ""world_size"": 2, ""custom_allreduce"": true, ""custom_allreduce_max_size"": 8388608, ""pynccl"": true, ""nccl_version"": 23007}","{""ranks"": null}",1800,39,77.98,31,tp2_7b
2cd5996e,2026-10-02T00:52:26,mmp:stage1,0.30.0,tp4,0.0,0,,,16,32768,16,graph,0,1,step_wall,100,0.905607120366767,0.905607120366767,0.905607120366767,0.905607120366767,,,"{""ranks"": [0, 1], ""world_size"": 2, ""custom_allreduce"": true, ""custom_allreduce_max_size"": 8388608, ""pynccl"": true, ""nccl_version"": 23007}","{""ranks"": null}",1800,39,77.98,31,tp2_7b
2cd5996e,2026-10-02T00:52:26,mmp:stage1,0.30.0,tp4,0.0,0,,,16,32768,16,graph,1,1,step,100,0.8980479836463928,0.8960000276565552,0.9011200070381165,0.8980476796627045,,0.8984636337532751,"{""ranks"": [0, 1], ""world_size"": 2, ""custom_allreduce"": true, ""custom_allreduce_max_size"": 8388608, ""pynccl"": true, ""nccl_version"": 23007}","{""ranks"": null}",1800,42,81.08,0,tp2_7b
2cd5996e,2026-10-02T00:52:26,mmp:stage1,0.30.0,tp4,0.0,0,,,16,32768,16,graph,1,1,step_wall,100,0.8996609190944582,0.8996609190944582,0.8996609190944582,0.8996609190944582,,,"{""ranks"": [0, 1], ""world_size"": 2, ""custom_allreduce"": true, ""custom_allreduce_max_size"": 8388608, ""pynccl"": true, ""nccl_version"": 23007}","{""ranks"": null}",1800,42,81.08,0,tp2_7b
2cd5996e,2026-10-02T00:52:26,mmp:stage1,0.30.0,tp4,0.0,0,,,16,32768,16,graph,2,1,step,100,0.8929280042648315,0.8908799886703491,0.8970239758491516,0.8937961626052856,,0.8984636337532751,"{""ranks"": [0, 1], ""world_size"": 2, ""custom_allreduce"": true, ""custom_allreduce_max_size"": 8388608, ""pynccl"": true, ""nccl_version"": 23007}","{""ranks"": null}",1890,43,106.43,63,tp2_7b
2cd5996e,2026-10-02T00:52:26,mmp:stage1,0.30.0,tp4,0.0,0,,,16,32768,16,graph,2,1,step_wall,100,0.8954740595072508,0.8954740595072508,0.8954740595072508,0.8954740595072508,,,"{""ranks"": [0, 1], ""world_size"": 2, ""custom_allreduce"": true, ""custom_allreduce_max_size"": 8388608, ""pynccl"": true, ""nccl_version"": 23007}","{""ranks"": null}",1890,43,106.43,63,tp2_7b
269d7343,2026-10-02T00:52:26,mmp:stage1,0.30.0,tp4,0.0,0,,,16,32768,16,graph,0,-1,step_max,100,0.9031680226325989,0.9000959992408752,0.907263994216919,0.9035059213638306,,0.8984636337532751,"{""ranks"": [0, 1], ""world_size"": 2, ""custom_allreduce"": true, ""custom_allreduce_max_size"": 8388608, ""pynccl"": true, ""nccl_version"": 23007}","{""ranks"": null}",1800,46,87.0,21,tp2_7b
2cd5996e,2026-10-02T00:52:26,mmp:stage1,0.30.0,tp4,0.0,0,,,16,32768,16,graph,0,-1,step_wall_max,100,0.905607120366767,0.905607120366767,0.905607120366767,0.905607120366767,,,"{""ranks"": [0, 1], ""world_size"": 2, ""custom_allreduce"": true, ""custom_allreduce_max_size"": 8388608, ""pynccl"": true, ""nccl_version"": 23007}","{""ranks"": null}",1800,39,77.98,31,tp2_7b
2cd5996e,2026-10-02T00:52:26,mmp:stage1,0.30.0,tp4,0.0,0,,,16,32768,16,graph,1,-1,step_max,100,0.8980479836463928,0.8960000276565552,0.9011200070381165,0.8980476796627045,,0.8984636337532751,"{""ranks"": [0, 1], ""world_size"": 2, ""custom_allreduce"": true, ""custom_allreduce_max_size"": 8388608, ""pynccl"": true, ""nccl_version"": 23007}","{""ranks"": null}",1800,42,81.08,0,tp2_7b
2cd5996e,2026-10-02T00:52:26,mmp:stage1,0.30.0,tp4,0.0,0,,,16,32768,16,graph,1,-1,step_wall_max,100,0.8996609190944582,0.8996609190944582,0.8996609190944582,0.8996609190944582,,,"{""ranks"": [0, 1], ""world_size"": 2, ""custom_allreduce"": true, ""custom_allreduce_max_size"": 8388608, ""pynccl"": true, ""nccl_version"": 23007}","{""ranks"": null}",1800,42,81.08,0,tp2_7b
269d7343,2026-10-02T00:52:26,mmp:stage1,0.30.0,tp4,0.0,0,,,16,32768,16,graph,2,-1,step_max,100,0.8929280042648315,0.8908799886703491,0.8970239758491516,0.8935526424646377,,0.8984636337532751,"{""ranks"": [0, 1], ""world_size"": 2, ""custom_allreduce"": true, ""custom_allreduce_max_size"": 8388608, ""pynccl"": true, ""nccl_version"": 23007}","{""ranks"": null}",1935,50,116.33,78,tp2_7b
2cd5996e,2026-10-02T00:52:26,mmp:stage1,0.30.0,tp4,0.0,0,,,16,32768,16,graph,2,-1,step_wall_max,100,0.8954740595072508,0.8954740595072508,0.8954740595072508,0.8954740595072508,,,"{""ranks"": [0, 1], ""world_size"": 2, ""custom_allreduce"": true, ""custom_allreduce_max_size"": 8388608, ""pynccl"": true, ""nccl_version"": 23007}","{""ranks"": null}",1890,43,106.43,63,tp2_7b
